<?xml version="1.0"?>
<!DOCTYPE modification SYSTEM "http://www.simplemachines.org/xml/modification">
<modification xmlns="http://www.simplemachines.org/xml/modification" xmlns:smf="http://www.simplemachines.org/">
	<id>Labradoodle-360:childboards-as-dropdown</id>
	<version>2.0.3</version>
	<file name="$sourcedir/Load.php">
		<operation>
			<search position="replace"><![CDATA[
	if ((empty($context['current_action']) || !empty($context['current_action']) && $context['current_action'] === 'forum') && empty($_GET['topic']))
]]></search>
			<add><![CDATA[
	//-- Labradoodle-360; Childboards as Dropdown
	if ((empty($context['current_action']) || !empty($context['current_action']) && ($context['current_action'] === 'forum' || $_GET['action'] == 'collapse') && empty($_GET['topic'])))
	{
		require_once($sourcedir . '/cad_source/main.php');
		loadChildboards_as_Dropdown();
	}
	// End Labradoodle-360; Childboards as Dropdown --//
]]></add>
		</operation>
	</file>
</modification>